seme;posto;giocatore;pv;strategia;sopra;quota_max;costruiti;lampo;cultura;rendita;monumenti;verticalita;continuita;scavo;scheletri;eredita;effetti_finali;piano;centro_attivato;oro_centro
700000;1;2;121;scavo;9;4;13;17;1;29;4;39;9;15;5;0;2;0;0;6
700000;2;1;75;lampo;3;4;13;27;0;5;0;19;12;11;0;0;1;0;4;2
700000;3;0;74;rendita;5;4;9;2;0;21;4;29;6;3;0;4;5;0;2;6
700001;1;1;132;scavo;6;5;13;16;0;32;0;46;14;18;0;4;2;0;1;2
700001;2;0;97;lampo;3;2;14;19;0;38;5;16;12;7;0;0;0;0;0;0
700001;3;2;81;verticale;9;5;10;12;0;10;4;29;7;15;0;4;0;0;1;2
700002;1;1;121;verticale;9;5;11;16;1;30;0;40;12;10;2;0;10;0;0;0
700002;2;2;79;bilanciata;7;4;10;9;2;9;4;32;6;8;5;4;0;0;0;0
700002;3;0;65;scavo;6;4;11;14;2;4;0;21;4;7;5;5;3;0;0;0
700003;1;1;71;bilanciata;3;4;8;10;2;34;0;16;2;4;3;0;0;0;1;2
700003;2;2;62;obiettivi;3;4;6;6;3;5;5;20;7;4;8;4;0;0;1;2
700003;3;0;47;verticale;6;3;8;9;0;6;4;14;7;4;3;0;0;0;0;0
700004;1;0;77;bilanciata;5;4;7;7;1;26;8;24;4;4;3;0;0;0;2;5
700004;2;2;74;rendita;5;4;10;10;1;22;0;25;7;4;5;0;0;0;2;4
700004;3;1;59;obiettivi;6;3;10;8;0;6;0;23;6;12;0;4;0;0;1;1
700005;1;1;106;rendita;6;5;12;5;0;32;0;38;12;6;0;5;8;0;1;4
700005;2;2;93;lampo;7;5;12;16;0;17;5;32;9;4;5;0;5;0;0;4
700005;3;0;65;obiettivi;5;4;8;12;2;21;0;22;2;5;0;0;1;0;3;4
700006;1;0;78;rendita;3;3;7;5;2;37;8;12;7;5;0;0;2;0;0;0
700006;2;1;50;lampo;4;2;10;13;0;10;0;14;9;0;4;0;0;0;0;1
700006;3;2;45;scavo;5;3;11;10;0;0;0;16;12;7;0;0;0;0;1;1
700007;1;2;101;verticale;7;4;9;7;2;22;0;38;11;4;12;4;1;0;3;4
700007;2;0;92;lampo;3;4;12;21;1;31;0;18;9;5;0;4;3;0;4;7
700007;3;1;87;scavo;7;5;13;15;0;8;4;27;9;14;0;4;6;0;0;5
700008;1;1;113;verticale;7;4;10;16;1;20;4;47;9;9;0;4;3;0;2;3
700008;2;2;90;bilanciata;4;3;13;14;0;30;0;21;12;3;5;5;0;0;0;0
700008;3;0;86;scavo;5;4;10;13;1;23;0;20;9;9;0;5;6;0;1;3
700009;1;1;105;bilanciata;5;5;8;8;1;24;9;35;8;0;14;4;2;0;3;5
700009;2;2;97;obiettivi;2;2;7;8;1;54;0;6;10;6;0;4;8;0;1;5
700009;3;0;53;verticale;5;5;9;10;0;4;0;18;10;4;7;0;0;0;1;2
700010;1;0;117;bilanciata;5;3;9;16;5;42;8;28;5;2;4;0;7;0;2;12
700010;2;1;80;obiettivi;4;3;9;10;0;20;0;12;15;13;10;0;0;0;4;4
700010;3;2;78;rendita;3;3;7;5;1;28;0;17;11;7;5;4;0;0;6;10
700011;1;1;132;rendita;5;5;9;12;3;42;4;42;9;5;2;4;9;0;1;4
700011;2;0;83;obiettivi;5;3;10;3;2;32;0;18;14;9;5;0;0;0;3;5
700011;3;2;59;lampo;7;4;10;21;0;0;4;11;4;14;5;0;0;0;1;1
700012;1;2;132;scavo;6;4;11;15;1;36;0;35;9;12;5;5;14;0;2;8
700012;2;0;92;rendita;6;4;10;4;1;29;4;25;10;8;7;4;0;0;3;7
700012;3;1;77;lampo;5;4;12;29;1;0;4;19;10;12;0;0;2;0;3;5
700013;1;0;121;lampo;6;5;13;28;0;22;0;39;11;14;0;4;3;0;1;1
700013;2;2;100;verticale;7;4;11;13;0;23;0;37;14;4;5;4;0;0;0;0
700013;3;1;62;scavo;5;3;11;10;0;22;0;17;4;9;0;0;0;0;0;1
700014;1;1;150;verticale;7;5;11;14;7;41;4;47;10;10;0;4;13;0;1;6
700014;2;0;93;scavo;6;5;13;10;0;30;0;27;12;5;0;5;4;0;3;6
700014;3;2;70;bilanciata;7;5;9;15;0;0;4;24;5;13;9;0;0;0;2;2
700015;1;0;99;verticale;6;5;9;11;1;29;5;27;9;5;5;4;3;0;0;4
700015;2;2;74;obiettivi;5;5;11;19;0;0;4;28;9;7;7;0;0;0;0;0
700015;3;1;69;bilanciata;3;3;6;4;2;38;0;18;4;0;2;0;1;0;4;4
700016;1;1;104;obiettivi;3;3;8;6;1;54;0;20;7;3;0;5;8;0;4;7
700016;2;0;97;bilanciata;5;3;10;14;2;25;4;19;17;6;2;0;8;0;1;7
700016;3;2;61;rendita;3;4;7;11;0;14;0;14;4;5;5;0;8;0;2;3
700017;1;0;101;obiettivi;7;4;10;14;0;27;0;33;11;5;5;5;1;0;2;5
700017;2;1;95;rendita;3;4;11;8;1;36;0;26;8;6;0;4;6;0;3;6
700017;3;2;81;lampo;5;3;11;22;0;3;4;12;7;20;9;4;0;0;1;2
700018;1;0;102;rendita;3;3;9;5;1;56;9;17;6;2;0;0;6;0;2;4
700018;2;1;81;lampo;6;3;9;17;1;20;0;25;12;2;3;0;1;0;2;3
700018;3;2;43;scavo;2;2;9;11;4;1;0;7;4;13;0;0;3;0;0;1
700019;1;1;70;scavo;5;3;13;5;0;16;5;24;17;3;0;0;0;0;2;4
700019;2;0;66;lampo;3;4;10;22;0;9;0;18;9;8;0;0;0;0;1;2
700019;3;2;63;verticale;6;4;8;6;2;11;4;30;6;4;0;0;0;0;1;4
700020;1;2;111;bilanciata;6;5;9;15;2;22;0;36;8;14;2;4;8;0;1;3
700020;2;1;93;verticale;6;4;10;11;1;24;4;30;12;5;0;4;2;0;2;3
700020;3;0;87;scavo;7;4;12;15;0;9;0;34;11;14;2;0;2;0;0;2
700021;1;1;90;bilanciata;6;4;9;9;2;13;4;29;6;4;9;5;9;0;0;2
700021;2;2;82;obiettivi;3;4;7;10;0;28;5;15;6;8;2;5;3;0;2;2
700021;3;0;75;verticale;5;3;8;6;3;30;0;20;10;6;0;0;0;0;0;2
700022;1;2;103;rendita;5;5;8;3;2;27;0;46;12;3;5;0;5;0;0;0
700022;2;0;77;bilanciata;4;3;9;11;0;29;0;17;12;4;0;4;0;0;0;0
700022;3;1;61;obiettivi;6;4;9;12;0;10;0;14;7;10;8;0;0;0;0;0
700023;1;0;100;obiettivi;7;4;12;12;0;25;9;25;14;5;0;4;6;0;1;2
700023;2;1;83;rendita;4;5;9;7;0;35;0;28;7;4;0;0;2;0;1;2
700023;3;2;70;lampo;7;4;12;19;0;0;0;37;4;5;5;0;0;0;0;2
700024;1;0;120;rendita;3;4;9;8;0;44;5;37;11;3;3;5;4;0;5;8
700024;2;1;90;lampo;5;3;14;30;0;24;0;9;12;13;0;0;2;0;2;7
700024;3;2;64;scavo;4;3;10;7;2;12;0;11;7;10;0;4;11;0;4;10
700025;1;0;88;lampo;4;4;12;20;0;21;0;28;9;4;0;4;2;0;4;6
700025;2;2;81;verticale;7;3;10;8;1;31;0;20;12;9;0;0;0;0;1;3
700025;3;1;69;scavo;7;4;11;11;0;7;0;30;5;14;2;0;0;0;1;3
700026;1;1;87;verticale;7;4;11;10;0;28;0;25;7;13;0;4;0;0;1;3
700026;2;0;80;scavo;7;4;10;8;3;13;0;37;4;3;8;4;0;0;2;3
700026;3;2;69;bilanciata;4;4;9;14;0;3;4;27;4;7;3;4;3;0;0;1
700027;1;1;89;bilanciata;5;5;8;8;4;30;0;26;10;2;0;4;5;0;0;0
700027;2;0;76;verticale;5;4;7;5;2;34;0;29;6;0;0;0;0;0;0;0
700027;3;2;58;obiettivi;5;5;8;11;0;3;0;19;7;11;7;0;0;0;0;0
700028;1;2;115;rendita;5;4;11;11;5;29;0;42;11;7;5;5;0;0;2;7
700028;2;0;104;bilanciata;5;4;9;14;4;27;5;26;12;0;5;5;6;0;4;5
700028;3;1;84;obiettivi;1;4;8;12;1;37;0;18;6;4;0;4;2;0;2;6
700029;1;0;122;obiettivi;3;5;9;8;2;59;4;34;11;4;0;0;0;0;3;12
700029;2;1;100;rendita;6;3;10;4;0;37;5;21;9;9;5;0;10;0;5;9
700029;3;2;48;lampo;4;4;11;21;0;0;0;8;8;5;3;0;3;0;4;3
700030;1;1;128;lampo;7;5;14;29;0;34;4;21;14;14;0;0;12;0;2;5
700030;2;0;90;rendita;3;3;11;5;1;43;0;20;12;0;2;4;3;0;5;9
700030;3;2;81;scavo;7;5;10;14;0;18;4;29;7;6;0;0;3;0;2;5
700031;1;0;74;lampo;6;4;10;15;0;10;0;30;4;10;0;4;1;0;1;2
700031;2;1;74;scavo;5;5;13;11;0;11;0;38;14;0;0;0;0;0;1;2
700031;3;2;60;verticale;5;4;8;10;0;4;0;22;5;2;9;4;4;0;0;0
700032;1;1;96;verticale;8;5;11;14;0;5;4;38;8;13;4;4;6;0;0;0
700032;2;0;91;scavo;5;5;9;7;0;48;4;17;4;7;0;4;0;0;0;0
700032;3;2;45;bilanciata;4;4;6;5;5;4;0;18;7;2;0;0;4;0;0;0
700033;1;2;92;obiettivi;3;2;10;19;6;43;0;12;7;5;0;0;0;0;0;8
700033;2;0;90;verticale;6;4;12;17;1;34;0;17;6;7;0;4;4;0;0;8
700033;3;1;79;bilanciata;3;3;7;5;2;19;4;21;6;4;14;0;4;0;8;7
700034;1;2;79;rendita;5;3;9;8;1;22;4;22;8;5;2;4;3;0;3;4
700034;2;1;65;obiettivi;3;3;10;9;0;22;0;13;10;4;3;4;0;0;0;0
700034;3;0;61;bilanciata;3;3;5;13;1;24;4;9;2;3;3;0;2;0;1;4
700035;1;2;97;lampo;6;4;13;24;0;30;0;20;7;13;0;0;3;0;1;5
700035;2;0;82;obiettivi;4;4;10;11;0;22;0;31;5;7;3;0;3;0;1;3
700035;3;1;74;rendita;5;4;10;3;0;17;9;24;7;5;0;4;5;0;3;3
700036;1;2;104;scavo;3;4;8;7;2;40;4;33;8;2;0;4;4;0;5;9
700036;2;1;89;lampo;5;3;13;27;0;18;0;17;10;15;0;0;2;0;0;4
700036;3;0;84;rendita;5;4;10;5;0;13;0;30;11;11;8;0;6;0;4;7
700037;1;1;114;scavo;5;5;11;12;0;40;4;35;11;7;0;5;0;0;3;6
700037;2;0;80;lampo;7;3;12;20;1;19;0;20;10;10;0;0;0;0;3;6
700037;3;2;69;verticale;6;4;9;8;0;3;4;29;5;6;7;4;3;0;0;1
700038;1;1;120;verticale;8;5;10;19;2;13;4;44;9;8;9;0;12;0;2;6
700038;2;2;100;bilanciata;2;5;8;13;2;26;0;36;14;2;3;4;0;0;4;6
700038;3;0;67;scavo;7;4;12;6;0;17;0;19;8;8;0;5;4;0;0;2
700039;1;1;122;bilanciata;7;5;12;23;0;36;4;24;9;9;5;0;12;0;1;3
700039;2;2;115;obiettivi;6;4;10;14;0;9;0;54;13;10;8;4;3;0;1;3
700039;3;0;64;verticale;7;4;9;8;1;13;5;20;5;2;6;4;0;0;1;0
700040;1;0;77;bilanciata;4;4;7;5;3;32;4;20;4;4;0;5;0;0;1;5
700040;2;2;77;rendita;4;3;10;4;1;23;0;20;13;10;2;0;4;0;2;2
700040;3;1;61;obiettivi;3;3;9;14;2;10;4;10;10;8;3;0;0;0;2;3
700041;1;1;107;rendita;7;4;10;6;1;35;0;38;9;0;7;4;7;0;1;5
700041;2;0;95;obiettivi;5;4;11;11;2;26;5;28;8;5;3;0;7;0;1;4
700041;3;2;82;lampo;1;2;13;26;0;17;0;9;12;9;0;5;4;0;3;4
700042;1;0;106;rendita;6;4;12;9;0;22;8;41;14;6;0;4;2;0;1;3
700042;2;2;58;scavo;5;3;8;9;0;20;0;15;2;8;0;4;0;0;1;4
700042;3;1;54;lampo;5;3;9;15;3;1;0;10;4;11;3;4;3;0;2;2
700043;1;1;87;scavo;3;3;11;5;2;37;4;19;14;4;0;0;2;0;3;3
700043;2;2;64;verticale;6;4;8;8;1;18;0;20;4;4;9;0;0;0;0;0
700043;3;0;54;lampo;5;3;10;19;1;9;0;16;4;5;0;0;0;0;0;3
700044;1;1;130;verticale;9;5;11;11;2;34;4;57;13;3;2;4;0;0;0;3
700044;2;0;81;scavo;6;5;12;8;0;23;0;26;12;7;0;5;0;0;3;4
700044;3;2;79;bilanciata;6;5;10;17;2;13;4;17;10;7;2;0;7;0;1;4
700045;1;1;117;bilanciata;6;5;9;9;0;49;0;28;14;5;3;0;9;0;4;10
700045;2;2;102;obiettivi;3;5;8;12;2;26;4;34;12;5;3;4;0;0;3;8
700045;3;0;67;verticale;6;5;10;11;2;6;0;23;9;7;9;0;0;0;3;2
700046;1;1;98;obiettivi;4;4;8;14;6;27;0;32;7;6;0;5;1;0;1;10
700046;2;2;87;rendita;5;3;9;10;0;32;5;23;7;3;7;0;0;0;6;8
700046;3;0;86;bilanciata;4;4;10;9;0;20;5;21;9;13;2;5;2;0;4;5
700047;1;0;97;obiettivi;4;4;10;13;5;17;4;29;11;6;4;4;4;0;3;7
700047;2;2;91;lampo;4;4;9;19;0;25;0;24;2;10;0;0;11;0;3;7
700047;3;1;83;rendita;6;3;11;3;0;20;5;19;17;5;7;4;3;0;1;3
700048;1;0;131;rendita;7;5;13;9;0;42;5;50;14;4;0;4;3;0;5;8
700048;2;2;99;scavo;7;5;10;13;2;25;4;36;9;5;5;0;0;0;1;6
700048;3;1;92;lampo;5;4;13;27;1;20;0;13;14;15;0;0;2;0;2;8
700049;1;2;88;verticale;5;4;9;11;2;27;0;28;6;10;0;0;4;0;2;4
700049;2;1;81;scavo;6;4;10;7;0;25;4;25;8;3;5;4;0;0;2;4
700049;3;0;58;lampo;1;2;10;16;0;20;0;11;7;2;0;0;2;0;0;3
700050;1;1;108;verticale;8;5;10;18;1;17;0;46;10;5;3;0;8;0;1;8
700050;2;2;98;bilanciata;6;5;9;10;0;22;5;27;12;3;5;4;10;0;5;9
700050;3;0;72;scavo;5;4;13;11;2;29;0;15;9;2;0;4;0;0;3;6
700051;1;1;95;bilanciata;4;4;9;8;1;23;0;40;7;5;7;4;0;0;1;6
700051;2;0;92;verticale;8;5;10;10;1;16;0;31;12;7;7;0;8;0;4;6
700051;3;2;76;obiettivi;4;5;10;14;0;3;4;28;12;9;6;0;0;0;1;2
700052;1;2;115;rendita;6;5;11;12;0;13;0;52;12;21;5;0;0;0;2;2
700052;2;0;100;bilanciata;4;5;7;4;2;48;4;20;7;5;5;4;1;0;0;2
700052;3;1;83;obiettivi;4;5;10;16;2;17;4;28;7;2;0;4;3;0;0;2
700053;1;0;114;obiettivi;5;5;10;13;0;35;4;35;12;9;0;5;1;0;2;8
700053;2;1;91;rendita;4;3;9;6;1;30;5;20;12;2;2;4;9;0;5;8
700053;3;2;58;lampo;6;3;11;22;0;0;0;15;9;7;5;0;0;0;1;0
700054;1;2;117;scavo;7;4;12;18;1;22;0;26;9;24;4;5;8;0;1;8
700054;2;0;108;rendita;5;4;9;5;0;50;4;35;12;2;0;0;0;0;7;10
700054;3;1;88;lampo;6;4;13;21;0;10;4;27;14;9;0;0;3;0;4;6
700055;1;0;115;lampo;5;4;13;24;1;33;4;30;9;5;0;5;4;0;0;6
700055;2;2;86;verticale;8;5;10;14;0;4;0;42;9;4;12;0;1;0;2;5
700055;3;1;61;scavo;3;3;9;3;1;25;5;13;12;2;0;0;0;0;4;5
700056;1;2;99;bilanciata;6;5;10;12;0;18;0;37;10;9;9;4;0;0;1;1
700056;2;0;93;scavo;6;4;13;10;0;23;4;28;14;8;0;4;2;0;0;1
700056;3;1;64;verticale;8;5;10;18;1;1;0;23;6;8;2;5;0;0;0;0
700057;1;1;117;bilanciata;5;4;9;17;1;25;5;41;9;4;8;5;2;0;0;0
700057;2;2;68;obiettivi;6;5;11;8;0;10;0;29;10;5;3;0;3;0;0;0
700057;3;0;63;verticale;6;3;9;10;2;17;4;18;4;2;0;4;2;0;0;0
700058;1;1;111;obiettivi;6;5;11;8;0;34;5;29;9;10;5;4;7;0;3;5
700058;2;0;99;bilanciata;6;4;12;13;1;33;0;31;6;4;0;4;7;0;0;2
700058;3;2;61;rendita;6;4;9;12;0;12;0;20;7;10;0;0;0;0;2;3
700059;1;1;95;rendita;6;4;10;5;3;20;4;40;8;10;0;5;0;0;4;8
700059;2;2;77;lampo;4;4;11;22;1;10;0;19;7;12;0;4;2;0;2;5
700059;3;0;76;obiettivi;3;4;11;9;0;17;5;18;14;9;0;4;0;0;2;4
700060;1;0;117;rendita;7;4;10;4;1;54;5;33;14;0;0;5;1;0;4;7
700060;2;2;76;scavo;3;3;10;15;0;3;5;18;12;16;2;0;5;0;3;7
700060;3;1;68;lampo;3;4;13;24;0;0;0;20;11;9;0;0;4;0;0;1
700061;1;0;143;lampo;5;5;14;24;0;45;0;46;12;3;0;0;13;0;2;5
700061;2;1;80;scavo;8;5;11;15;0;19;4;25;9;7;0;0;1;0;3;5
700061;3;2;62;verticale;7;4;11;13;1;3;4;17;9;10;5;0;0;0;0;0
700062;1;2;106;bilanciata;4;5;10;8;1;25;5;33;17;15;0;0;2;0;2;7
700062;2;1;96;verticale;6;5;10;18;0;18;0;32;7;9;0;0;12;0;3;5
700062;3;0;88;scavo;5;5;8;12;0;37;0;19;7;2;0;4;7;0;2;7
700063;1;0;102;verticale;8;4;12;17;0;4;5;43;12;15;2;4;0;0;0;0
700063;2;2;95;obiettivi;4;4;9;15;1;30;0;19;9;10;7;4;0;0;0;2
700063;3;1;69;bilanciata;5;4;10;10;0;12;0;27;6;2;9;0;3;0;2;2
700064;1;0;116;bilanciata;4;4;10;12;3;32;5;41;12;4;0;5;2;0;1;7
700064;2;2;84;rendita;3;4;8;2;1;34;4;21;9;6;3;4;0;0;3;7
700064;3;1;75;obiettivi;6;4;9;11;1;10;0;20;7;8;12;4;2;0;3;5
700065;1;0;98;obiettivi;5;4;8;12;3;20;4;38;8;2;7;4;0;0;3;6
700065;2;1;88;rendita;3;3;10;4;1;49;0;16;9;4;0;5;0;0;2;7
700065;3;2;79;lampo;4;3;13;26;0;19;4;15;6;5;0;4;0;0;2;2
700066;1;1;101;lampo;6;5;12;15;0;21;4;31;17;8;0;5;0;0;2;5
700066;2;2;86;scavo;6;5;12;18;4;5;4;34;9;3;2;5;2;0;3;7
700066;3;0;83;rendita;4;4;8;7;3;32;0;18;8;5;0;4;6;0;4;7
700067;1;1;137;scavo;7;4;11;14;2;30;0;57;13;4;0;5;12;0;1;4
700067;2;2;74;verticale;7;5;9;10;0;10;5;20;7;14;4;4;0;0;0;1
700067;3;0;66;lampo;5;3;12;22;0;5;5;16;10;6;0;0;2;0;3;4
700068;1;1;81;verticale;6;5;8;11;1;22;0;24;5;11;0;5;2;0;0;1
700068;2;2;74;bilanciata;4;4;7;3;2;20;4;30;9;2;0;4;0;0;0;0
700068;3;0;45;scavo;5;4;8;3;0;9;0;20;7;2;4;0;0;0;1;1
700069;1;2;116;obiettivi;5;5;9;16;2;24;4;37;14;9;4;5;1;0;0;5
700069;2;1;93;bilanciata;5;3;8;7;3;44;0;16;7;4;8;4;0;0;5;5
700069;3;0;54;verticale;6;4;9;12;0;6;0;21;5;7;3;0;0;0;0;0
700070;1;0;83;bilanciata;2;3;9;15;3;26;0;9;14;2;0;5;9;0;0;3
700070;2;1;72;obiettivi;2;2;8;8;1;28;4;10;6;0;4;5;6;0;2;3
700070;3;2;59;rendita;3;3;7;3;1;33;0;10;9;2;0;0;1;0;3;4
700071;1;1;114;rendita;7;4;12;13;3;38;4;33;9;8;0;4;2;0;5;11
700071;2;0;107;obiettivi;8;4;12;10;0;31;4;33;13;4;4;4;4;0;2;6
700071;3;2;65;lampo;3;2;11;20;1;17;0;11;6;7;0;0;3;0;4;8
700072;1;0;116;rendita;6;4;12;10;1;35;0;33;14;17;0;4;2;0;1;1
700072;2;1;98;lampo;5;4;13;26;0;17;4;28;14;8;0;0;1;0;2;5
700072;3;2;82;scavo;5;4;11;8;0;20;4;27;11;7;0;5;0;0;3;6
700073;1;0;131;lampo;7;5;14;28;1;34;0;39;13;9;0;4;3;0;1;4
700073;2;2;85;verticale;9;4;11;9;0;12;4;36;6;9;5;4;0;0;0;2
700073;3;1;69;scavo;3;3;10;9;1;17;5;13;10;6;0;4;4;0;5;6
700074;1;1;78;verticale;5;5;7;5;2;21;5;25;2;7;6;5;0;0;0;0
700074;2;2;61;bilanciata;5;4;9;9;1;8;5;26;4;2;0;4;2;0;0;0
700074;3;0;44;scavo;5;5;8;5;4;5;0;20;4;6;0;0;0;0;0;0
700075;1;1;92;bilanciata;4;4;8;5;1;38;5;24;7;5;5;0;2;0;2;3
700075;2;0;82;verticale;8;4;11;12;1;5;0;36;12;6;5;4;1;0;0;1
700075;3;2;57;obiettivi;2;2;8;13;0;11;4;8;9;8;0;0;4;0;1;3
700076;1;2;98;rendita;5;3;13;12;1;24;4;21;13;13;0;5;5;0;0;4
700076;2;0;81;bilanciata;2;3;7;10;1;32;0;15;9;8;0;0;6;0;1;3
700076;3;1;44;obiettivi;3;2;8;10;0;14;4;9;4;0;0;0;3;0;3;1
700077;1;0;105;obiettivi;5;4;10;8;4;35;8;26;17;7;0;0;0;0;3;4
700077;2;1;87;rendita;4;4;8;8;0;17;0;34;6;7;8;4;3;0;2;5
700077;3;2;82;lampo;7;4;13;18;1;14;0;27;11;7;3;0;1;0;0;1
700078;1;1;98;lampo;5;3;11;21;0;34;4;12;2;20;0;5;0;0;0;7
700078;2;0;94;rendita;3;4;8;3;0;41;0;27;9;0;0;4;10;0;4;3
700078;3;2;51;scavo;4;4;10;6;1;6;4;22;9;0;3;0;0;0;3;4
700079;1;0;89;lampo;5;4;10;16;0;25;0;34;4;0;5;5;0;0;0;1
700079;2;2;57;verticale;5;3;10;9;1;12;0;20;9;6;0;0;0;0;0;1
700079;3;1;54;scavo;3;2;9;8;0;20;4;10;4;8;0;0;0;0;1;0
700080;1;2;107;bilanciata;3;5;8;10;6;34;0;21;6;8;2;4;16;0;5;11
700080;2;0;95;scavo;5;4;12;12;0;35;4;15;9;12;0;0;8;0;4;7
700080;3;1;74;verticale;9;5;10;13;2;6;0;32;11;5;5;0;0;0;2;4
700081;1;1;94;bilanciata;3;3;8;11;0;30;5;20;7;10;2;0;9;0;0;5
700081;2;2;88;obiettivi;5;5;10;11;1;22;4;26;12;0;2;5;5;0;4;5
700081;3;0;69;verticale;7;5;10;6;3;13;0;28;7;3;5;4;0;0;1;2
700082;1;1;103;obiettivi;3;3;8;10;1;44;9;25;6;3;0;5;0;0;6;11
700082;2;2;77;rendita;4;4;9;3;2;34;0;25;6;2;5;0;0;0;4;10
700082;3;0;66;bilanciata;5;4;9;9;0;20;0;18;7;8;3;0;1;0;1;2
700083;1;1;98;rendita;3;4;8;7;3;35;0;33;6;9;0;5;0;0;1;6
700083;2;2;80;lampo;8;3;12;22;0;9;0;22;12;15;0;0;0;0;1;2
700083;3;0;78;obiettivi;3;3;9;7;7;25;4;17;12;2;0;4;0;0;5;7
700084;1;1;124;lampo;4;4;13;23;1;30;4;33;13;12;0;5;3;0;2;3
700084;2;0;97;rendita;6;4;9;6;0;12;0;43;10;8;8;5;5;0;0;3
700084;3;2;87;scavo;4;4;11;10;1;26;4;24;12;3;0;4;3;0;1;2
700085;1;0;110;lampo;6;4;13;22;1;32;4;28;10;7;0;5;1;0;3;7
700085;2;1;109;scavo;6;3;10;16;2;38;4;20;7;10;0;0;12;0;3;7
700085;3;2;70;verticale;6;4;8;6;1;12;0;31;4;3;8;5;0;0;1;0
700086;1;2;95;bilanciata;5;5;7;8;2;27;0;44;4;2;8;0;0;0;0;1
700086;2;1;92;verticale;8;5;12;12;0;24;5;26;15;4;4;0;2;0;3;5
700086;3;0;66;scavo;4;3;11;11;1;18;0;10;11;5;0;4;6;0;2;5
700087;1;2;134;obiettivi;6;4;11;18;2;26;8;46;9;5;5;4;11;0;0;4
700087;2;0;85;verticale;7;5;9;9;1;19;0;33;10;6;4;0;3;0;4;5
700087;3;1;69;bilanciata;7;4;10;10;0;17;0;20;4;13;5;0;0;0;1;5
700088;1;2;114;rendita;3;4;9;9;1;46;0;33;9;5;0;4;7;0;2;6
700088;2;0;93;bilanciata;7;4;9;15;0;10;4;36;5;9;9;4;1;0;1;3
700088;3;1;62;obiettivi;6;3;11;8;2;9;4;16;6;11;3;0;3;0;3;3
700089;1;0;97;obiettivi;6;4;10;15;2;11;5;40;7;10;2;5;0;0;2;5
700089;2;2;79;lampo;3;2;12;23;0;18;4;11;9;9;0;4;1;0;2;3
700089;3;1;73;rendita;7;4;10;4;1;15;0;29;6;5;5;5;3;0;1;2
700090;1;2;104;scavo;7;4;12;20;1;17;0;28;12;14;0;0;12;0;0;4
700090;2;0;98;rendita;5;4;11;6;1;47;4;31;9;0;0;0;0;0;3;4
700090;3;1;53;lampo;3;3;11;19;0;6;4;10;6;5;0;0;3;0;2;3
700091;1;0;132;lampo;6;5;13;20;1;39;4;37;11;13;0;5;2;0;2;4
700091;2;2;78;verticale;9;5;12;11;0;9;0;26;17;6;5;4;0;0;0;2
700091;3;1;72;scavo;6;4;10;16;1;3;0;34;12;5;0;0;1;0;2;2
700092;1;1;110;verticale;8;4;13;14;2;37;0;32;12;6;0;4;3;0;0;4
700092;2;0;88;scavo;7;4;11;9;0;22;4;32;14;3;0;4;0;0;2;5
700092;3;2;62;bilanciata;4;4;7;9;1;15;0;26;4;4;0;0;3;0;3;5
700093;1;0;102;verticale;9;5;12;18;3;23;0;35;10;7;0;0;6;0;2;8
700093;2;2;91;obiettivi;2;5;5;6;3;33;9;23;7;5;5;0;0;0;4;8
700093;3;1;69;bilanciata;5;4;11;14;0;4;0;22;14;10;5;0;0;0;2;1
700094;1;0;83;bilanciata;6;4;11;11;0;21;0;32;6;6;0;4;3;0;2;4
700094;2;2;83;rendita;4;4;6;5;4;22;0;29;12;0;5;0;6;0;2;5
700094;3;1;59;obiettivi;4;4;7;7;0;10;8;16;2;8;4;4;0;0;2;3
700095;1;0;127;obiettivi;5;5;10;6;0;45;9;43;12;5;0;5;2;0;3;6
700095;2;1;77;rendita;4;4;8;4;0;26;0;27;4;0;5;5;6;0;3;6
700095;3;2;66;lampo;6;4;12;23;0;0;0;14;12;10;7;0;0;0;0;0
700096;1;2;123;scavo;7;4;12;17;0;31;0;36;9;18;0;4;8;0;3;8
700096;2;1;98;lampo;6;4;12;19;1;17;0;25;11;12;5;5;3;0;1;5
700096;3;0;96;rendita;6;4;10;9;0;20;5;38;6;11;2;5;0;0;4;6
700097;1;2;120;verticale;10;5;13;14;0;25;0;42;17;13;5;4;0;0;1;3
700097;2;1;87;scavo;3;4;8;7;0;22;4;32;8;5;2;0;7;0;2;3
700097;3;0;59;lampo;2;2;10;19;0;11;0;10;6;13;0;0;0;0;0;0
700098;1;0;103;scavo;8;4;13;19;1;19;0;25;17;10;0;4;8;0;0;1
700098;2;1;95;verticale;8;4;11;10;0;18;4;39;9;6;4;5;0;0;0;0
700098;3;2;71;bilanciata;5;4;9;12;1;11;4;24;7;8;0;4;0;0;1;1
700099;1;1;94;bilanciata;5;4;10;14;1;30;0;23;11;4;5;0;6;0;1;6
700099;2;0;88;verticale;5;4;8;6;4;29;0;30;6;0;0;4;9;0;2;6
700099;3;2;87;obiettivi;5;4;10;12;1;8;5;32;4;8;9;4;4;0;3;4
700100;1;0;107;bilanciata;4;4;9;11;7;41;0;17;10;5;3;0;13;0;2;8
700100;2;2;96;rendita;5;4;10;2;1;47;0;27;8;5;0;4;2;0;4;7
700100;3;1;78;obiettivi;5;3;9;17;1;20;5;10;5;10;6;4;0;0;2;2
700101;1;0;117;obiettivi;7;4;12;17;0;19;4;38;12;13;9;5;0;0;2;2
700101;2;1;97;rendita;4;3;11;5;1;40;0;22;11;2;0;4;12;0;2;7
700101;3;2;94;lampo;7;4;12;26;0;17;4;19;9;11;5;0;3;0;3;5
700102;1;1;83;lampo;5;3;14;21;0;27;0;16;14;5;0;0;0;0;1;5
700102;2;0;71;rendita;3;3;7;4;1;30;0;23;6;2;5;0;0;0;3;4
700102;3;2;60;scavo;3;2;8;6;0;32;0;8;10;0;0;4;0;0;1;1
700103;1;2;100;verticale;7;5;9;10;1;10;4;36;12;3;14;4;6;0;2;2
700103;2;0;93;lampo;3;3;13;17;0;44;0;13;4;7;0;0;8;0;1;4
700103;3;1;49;scavo;2;2;8;12;0;20;0;7;2;4;0;0;4;0;3;6
700104;1;2;95;bilanciata;3;4;6;10;1;22;4;43;4;4;7;0;0;0;2;4
700104;2;0;92;scavo;6;5;11;14;0;22;0;31;15;9;0;0;1;0;1;4
700104;3;1;68;verticale;5;3;11;11;2;18;4;17;4;6;3;0;3;0;1;0
700105;1;1;94;bilanciata;5;4;8;16;1;24;5;22;9;5;5;0;7;0;2;6
700105;2;0;91;verticale;5;4;8;6;4;44;0;23;10;0;0;4;0;0;2;5
700105;3;2;54;obiettivi;3;4;9;6;0;8;4;17;6;7;3;0;3;0;2;3
700106;1;2;83;rendita;4;3;8;5;1;37;0;11;4;16;0;4;5;0;4;7
700106;2;0;79;bilanciata;5;4;7;9;2;15;0;26;6;7;9;5;0;0;1;3
700106;3;1;59;obiettivi;3;3;8;5;3;21;5;15;2;0;8;0;0;0;2;7
700107;1;0;123;obiettivi;7;4;11;15;0;29;0;43;17;4;4;4;7;0;0;3
700107;2;1;77;rendita;4;4;8;3;2;39;0;26;5;2;0;0;0;0;3;3
700107;3;2;68;lampo;5;4;10;23;0;0;4;21;9;7;0;4;0;0;0;0
700108;1;2;99;scavo;7;4;11;17;4;18;4;21;10;13;0;4;8;0;2;8
700108;2;0;94;rendita;3;4;7;4;0;37;0;27;11;5;0;0;10;0;6;8
700108;3;1;89;lampo;7;4;13;22;0;18;0;24;9;14;0;0;2;0;0;4
700109;1;2;112;verticale;6;4;9;16;2;13;8;39;7;12;9;0;6;0;2;3
700109;2;1;94;scavo;5;4;11;9;1;21;0;32;15;3;5;0;8;0;2;5
700109;3;0;72;lampo;3;2;10;14;3;22;0;9;10;5;0;5;4;0;1;3
700110;1;2;87;bilanciata;5;4;8;11;1;24;0;31;5;6;7;0;2;0;2;4
700110;2;0;87;scavo;6;4;10;6;2;27;0;23;12;5;0;5;7;0;2;4
700110;3;1;72;verticale;6;4;8;6;0;20;0;24;9;8;0;5;0;0;0;0
700111;1;1;102;bilanciata;4;5;8;6;5;34;4;27;11;0;2;4;9;0;5;7
700111;2;0;85;verticale;6;5;8;9;2;23;0;21;10;4;4;4;8;0;1;8
700111;3;2;76;obiettivi;4;5;8;13;3;17;0;30;6;5;2;0;0;0;2;7
700112;1;2;117;rendita;7;3;12;13;2;29;0;40;16;2;5;4;6;0;1;9
700112;2;1;82;obiettivi;4;3;10;14;0;34;4;12;4;11;3;0;0;0;3;4
700112;3;0;55;bilanciata;1;1;5;2;6;30;0;4;4;4;3;0;2;0;6;10
700113;1;0;130;obiettivi;5;5;10;14;3;54;5;28;12;8;0;4;2;0;2;7
700113;2;1;87;rendita;4;4;10;6;7;39;0;24;4;0;3;4;0;0;5;7
700113;3;2;65;lampo;9;5;12;20;1;0;0;23;12;9;0;0;0;0;0;0
700114;1;0;101;rendita;3;4;12;6;2;49;0;31;4;3;0;4;2;0;1;5
700114;2;1;73;lampo;6;5;10;23;0;12;0;20;6;7;0;4;1;0;3;5
700114;3;2;59;scavo;5;4;11;13;0;3;4;14;8;6;0;4;7;0;1;0
700115;1;1;116;scavo;6;5;11;13;0;39;9;37;8;0;3;4;3;0;1;4
700115;2;2;110;verticale;7;5;11;10;0;21;0;45;11;10;5;4;4;0;3;4
700115;3;0;76;lampo;6;3;12;21;0;9;0;16;9;17;0;4;0;0;0;0
700116;1;2;97;bilanciata;3;3;9;14;1;26;4;22;20;0;4;0;6;0;3;7
700116;2;1;89;verticale;5;4;8;12;2;18;0;25;5;10;14;0;3;0;2;6
700116;3;0;80;scavo;4;2;9;7;1;38;0;13;6;11;0;4;0;0;5;10
700117;1;1;102;bilanciata;5;5;10;9;2;26;0;34;12;2;5;5;7;0;3;6
700117;2;2;95;obiettivi;6;4;10;16;1;24;4;12;16;11;0;4;7;0;0;5
700117;3;0;88;verticale;5;4;8;11;8;34;5;14;7;3;0;0;6;0;3;5
700118;1;1;82;obiettivi;4;3;9;7;2;30;5;19;4;0;7;4;4;0;0;2
700118;2;2;78;rendita;6;5;9;8;2;10;0;26;7;9;12;4;0;0;0;1
700118;3;0;75;bilanciata;4;4;7;6;2;34;0;19;2;6;2;4;0;0;2;1
700119;1;2;112;lampo;4;5;12;27;0;19;4;38;14;9;0;0;1;0;1;1
700119;2;0;86;obiettivi;5;4;10;15;1;20;5;29;11;3;0;0;2;0;2;4
700119;3;1;66;rendita;3;5;7;2;1;28;0;18;5;5;5;0;2;0;1;3
